seed,mode,status,stop_reason,censored,score,moves,max_tile,first_32768,second_32768,first_65536,wall_seconds,cpu_seconds,rss_mib
62002,1,reported,no_legal_moves,False,363144,13713,16384,0,0,0,0.257104137,0.347335,566.609375
62002,2,reported,no_legal_moves,False,623932,21946,32768,1,0,0,3.7088560209999994,3.829391,568.296875
62002,selective,reported,no_legal_moves,False,176544,7382,8192,0,0,0,1.6392737130000004,1.755357,565.44921875
62002,3,reported,no_legal_moves,False,222220,8147,16384,0,0,0,43.58972871100001,43.825463,569.21484375
62003,1,reported,no_legal_moves,False,509588,17519,32768,1,0,0,0.34603282000000013,0.459538,568.37109375
62003,2,reported,no_legal_moves,False,387368,14920,16384,0,0,0,2.963400428,3.087406,567.453125
62003,selective,reported,no_legal_moves,False,585044,20431,32768,1,0,0,7.030647414,7.181538,568.17578125
62003,3,reported,no_legal_moves,False,523816,18148,32768,1,0,0,75.465808766,75.769161,576.52734375
62004,1,reported,no_legal_moves,False,596192,20664,32768,1,0,0,0.3435999039999999,0.436374,568.3671875
62004,2,reported,no_legal_moves,False,387160,14873,16384,0,0,0,2.540025009,2.666961,567.91796875
62004,selective,reported,no_legal_moves,False,338660,12782,16384,0,0,0,4.181883794,4.330612,566.92578125
62004,3,reported,no_legal_moves,False,387200,14878,16384,0,0,0,63.980593883,64.25432,575.94921875
62005,1,reported,no_legal_moves,False,143284,5732,8192,0,0,0,0.11162081799999998,0.186987,564.546875
62005,2,reported,no_legal_moves,False,623184,21855,32768,1,0,0,3.510392209,3.64081,569.04296875
62005,selective,reported,no_legal_moves,False,599760,20804,32768,1,0,0,7.542330908000001,7.705695,568.0078125
62005,3,reported,no_legal_moves,False,367012,13923,16384,0,0,0,61.31066267400001,61.598272,574.89453125
62006,1,reported,no_legal_moves,False,581132,20195,32768,1,0,0,0.40528848600000006,0.509088,568.33984375
62006,2,reported,no_legal_moves,False,333976,12576,16384,0,0,0,3.3218365190000005,3.480472,567.046875
62006,selective,reported,no_legal_moves,False,608224,21299,32768,1,0,0,7.642662186,7.974461,571.2421875
62006,3,reported,no_legal_moves,False,615336,21540,32768,1,0,0,87.137129646,87.448268,576.37890625
62007,1,reported,no_legal_moves,False,367132,13940,16384,0,0,0,0.238970424,0.332312,567.5625
62007,2,reported,no_legal_moves,False,584304,20370,32768,1,0,0,3.713864004,3.872691,568.75390625
62007,selective,reported,no_legal_moves,False,468660,15788,32768,1,0,0,5.627267955,5.802251,566.78125
62007,3,reported,no_legal_moves,False,289708,11109,16384,0,0,0,50.177714658999996,50.429681,569.0
62008,1,reported,no_legal_moves,False,600392,20946,32768,1,0,0,0.34447984100000006,0.440331,568.97265625
62008,2,reported,no_legal_moves,False,618784,21806,32768,1,0,0,4.371182903999999,4.513498,567.71875
62008,selective,reported,no_legal_moves,False,377488,14398,16384,0,0,0,4.18646541,4.313348,568.51171875
62008,3,reported,no_legal_moves,False,576848,20062,32768,1,0,0,79.528068491,79.832638,577.73828125
62009,1,reported,no_legal_moves,False,585456,20459,32768,1,0,0,0.433551115,0.553651,567.66015625
62009,2,reported,no_legal_moves,False,386900,14852,16384,0,0,0,2.741413515,2.876451,565.84765625
62009,selective,reported,no_legal_moves,False,365412,13845,16384,0,0,0,4.246366730000001,4.373771,567.23828125
62009,3,reported,no_legal_moves,False,617912,21727,32768,1,0,0,83.202993613,83.49022,576.10546875
62010,1,reported,no_legal_moves,False,550948,18763,32768,1,0,0,0.374083183,0.461325,568.48828125
62010,2,reported,no_legal_moves,False,382068,14605,16384,0,0,0,2.619243789,2.743554,570.6640625
62010,selective,reported,no_legal_moves,False,286484,10944,16384,0,0,0,2.7595018650000003,2.874466,567.4765625
62010,3,reported,no_legal_moves,False,387336,14917,16384,0,0,0,61.313308377,61.610361,574.54296875
62011,1,reported,no_legal_moves,False,290496,11182,16384,0,0,0,0.17963787000000003,0.26282,567.00390625
62011,2,reported,no_legal_moves,False,246144,9326,16384,0,0,0,1.8749303959999997,1.99591,565.37109375
62011,selective,reported,no_legal_moves,False,383364,14687,16384,0,0,0,4.558816957000001,4.695815,566.40625
62011,3,reported,no_legal_moves,False,576728,20020,32768,1,0,0,75.44121393200001,75.752146,576.84375
62012,1,reported,no_legal_moves,False,373940,14164,16384,0,0,0,0.23971623699999997,0.330174,567.44140625
62012,2,reported,no_legal_moves,False,385740,14785,16384,0,0,0,2.6226030739999997,2.749523,566.53515625
62012,selective,reported,no_legal_moves,False,377440,14356,16384,0,0,0,3.776917503,3.900835,568.12890625
62012,3,reported,no_legal_moves,False,338884,12780,16384,0,0,0,54.297859816,54.508452,575.98046875
62013,1,reported,no_legal_moves,False,375900,14295,16384,0,0,0,0.23118840599999999,0.316541,567.12109375
62013,2,reported,no_legal_moves,False,581164,20234,32768,1,0,0,3.4854404210000003,3.62914,567.62109375
62013,selective,reported,no_legal_moves,False,378412,14469,16384,0,0,0,4.1197964769999995,4.229153,566.96484375
62013,3,reported,no_legal_moves,False,608500,21355,32768,1,0,0,85.23036818100002,85.518313,575.96875
62014,1,reported,no_legal_moves,False,367044,13918,16384,0,0,0,0.23780689500000005,0.319512,566.56640625
62014,2,reported,no_legal_moves,False,528864,18326,32768,1,0,0,3.408667565,3.534039,569.09765625
62014,selective,reported,no_legal_moves,False,604148,21026,32768,1,0,0,6.919576718,7.054303,568.61328125
62014,3,reported,no_legal_moves,False,575856,19914,32768,1,0,0,78.664039827,78.943162,578.0078125
62015,1,reported,no_legal_moves,False,596292,20685,32768,1,0,0,0.365335747,0.469072,568.26953125
62015,2,reported,no_legal_moves,False,377496,14380,16384,0,0,0,2.7065115740000003,2.825635,568.0234375
62015,selective,reported,no_legal_moves,False,617832,21720,32768,1,0,0,7.135950088,7.283866,567.7734375
62015,3,reported,no_legal_moves,False,376344,14313,16384,0,0,0,60.041827824,60.294928,575.41015625
62016,1,reported,no_legal_moves,False,290272,11144,16384,0,0,0,0.199162143,0.292354,567.01953125
62016,2,reported,no_legal_moves,False,367100,13949,16384,0,0,0,2.4647434969999997,2.576692,569.83203125
62016,selective,reported,no_legal_moves,False,609972,21414,32768,1,0,0,6.652182901,6.806387,571.640625
62016,3,reported,no_legal_moves,False,342792,13009,16384,0,0,0,60.75912881599999,61.01786,576.2578125
62017,1,reported,no_legal_moves,False,176556,7403,8192,0,0,0,0.1430114779999999,0.223955,564.5390625
62017,2,reported,no_legal_moves,False,619696,21783,32768,1,0,0,3.8317874109999996,3.958344,569.09765625
62017,selective,reported,no_legal_moves,False,575244,19919,32768,1,0,0,7.450385053,7.601063,568.71875
62017,3,reported,no_legal_moves,False,289824,11138,16384,0,0,0,52.974024137,53.230693,568.79296875
62018,1,reported,no_legal_moves,False,318304,11865,16384,0,0,0,0.26038281900000004,0.360633,567.796875
62018,2,reported,no_legal_moves,False,381364,14584,16384,0,0,0,2.91973322,3.063954,567.4453125
62018,selective,reported,no_legal_moves,False,610948,21514,32768,1,0,0,8.085175348,8.242914,567.91015625
62018,3,reported,no_legal_moves,False,386020,14860,16384,0,0,0,63.051283968,63.318264,575.5078125
62019,1,reported,no_legal_moves,False,459704,15325,32768,1,0,0,0.27341307800000003,0.361327,567.484375
62019,2,reported,no_legal_moves,False,607404,21240,32768,1,0,0,3.916878122,4.045953,569.11328125
62019,selective,reported,no_legal_moves,False,626848,22119,32768,1,0,0,7.387647782,7.540414,568.0859375
62019,3,reported,no_legal_moves,False,386332,14784,16384,0,0,0,64.39008832100001,64.633551,575.203125
62020,1,reported,no_legal_moves,False,165828,6975,8192,0,0,0,0.14607070700000008,0.229121,563.9765625
62020,2,reported,no_legal_moves,False,386884,14892,16384,0,0,0,3.057928368,3.180994,567.1875
62020,selective,reported,no_legal_moves,False,602096,21046,32768,1,0,0,7.096651295,7.25204,568.015625
62020,3,reported,no_legal_moves,False,513424,17742,32768,1,0,0,76.592408557,76.86797,575.27734375
62021,1,reported,no_legal_moves,False,522544,18039,32768,1,0,0,0.300450615,0.389955,567.8359375
62021,2,reported,no_legal_moves,False,386680,14872,16384,0,0,0,2.789187261,2.918237,566.42578125
62021,selective,reported,no_legal_moves,False,288748,11093,16384,0,0,0,3.786781943,3.930844,566.87890625
62021,3,reported,no_legal_moves,False,569124,19669,32768,1,0,0,81.138061404,81.424524,576.7578125
62022,1,reported,no_legal_moves,False,385016,14747,16384,0,0,0,0.284869861,0.386783,567.63671875
62022,2,reported,no_legal_moves,False,381312,14539,16384,0,0,0,3.128382262,3.270853,566.4296875
62022,selective,reported,no_legal_moves,False,387292,14901,16384,0,0,0,4.676830646,4.810938,566.734375
62022,3,reported,no_legal_moves,False,565148,19522,32768,1,0,0,79.20655017600001,79.501166,576.56640625
62023,1,reported,no_legal_moves,False,585820,20457,32768,1,0,0,0.367499405,0.470243,567.515625
62023,2,reported,no_legal_moves,False,574656,19855,32768,1,0,0,3.751586767,3.902903,568.734375
62023,selective,reported,no_legal_moves,False,368832,14061,16384,0,0,0,4.4830236779999995,4.612612,567.546875
62023,3,reported,no_legal_moves,False,387112,14862,16384,0,0,0,64.14334242,64.41057,576.00390625
62024,1,reported,no_legal_moves,False,80224,3724,4096,0,0,0,0.08394470200000001,0.135863,563.421875
62024,2,reported,no_legal_moves,False,378392,14468,16384,0,0,0,2.721341889,2.851258,567.89453125
62024,selective,reported,no_legal_moves,False,378392,14468,16384,0,0,0,4.963928158000001,5.12759,566.99609375
62024,3,reported,no_legal_moves,False,619340,21798,32768,1,0,0,88.46184210999999,88.757791,576.3984375
62025,1,reported,no_legal_moves,False,606480,21240,32768,1,0,0,0.35449571,0.453902,568.6171875
62025,2,reported,no_legal_moves,False,387344,14917,16384,0,0,0,2.556593527,2.677242,567.79296875
62025,selective,reported,no_legal_moves,False,521372,18016,32768,1,0,0,5.754986682,5.922816,568.3046875
62025,3,reported,no_legal_moves,False,572912,19820,32768,1,0,0,83.01780835000001,83.312054,575.61328125
62026,1,reported,no_legal_moves,False,385924,14830,16384,0,0,0,0.24155180900000006,0.328633,567.453125
62026,2,reported,no_legal_moves,False,532980,18604,32768,1,0,0,3.678991694,3.807915,568.203125
62026,selective,reported,no_legal_moves,False,562080,19377,32768,1,0,0,6.323540681000001,6.452425,568.67578125
62026,3,reported,no_legal_moves,False,584176,20398,32768,1,0,0,89.646126881,89.987496,576.2265625
62027,1,reported,no_legal_moves,False,342412,13010,16384,0,0,0,0.22374201900000001,0.309053,566.57421875
62027,2,reported,no_legal_moves,False,386396,14838,16384,0,0,0,3.602959755,3.767838,568.04296875
62027,selective,reported,no_legal_moves,False,387340,14912,16384,0,0,0,5.287521183,5.434078,567.04296875
62027,3,reported,no_legal_moves,False,379068,14505,16384,0,0,0,72.815993124,73.118422,575.82421875
62028,1,reported,no_legal_moves,False,322732,12118,16384,0,0,0,0.21113038700000003,0.288742,568.6171875
62028,2,reported,no_legal_moves,False,596372,20698,32768,1,0,0,4.221404506000001,4.387411,568.30078125
62028,selective,reported,no_legal_moves,False,288204,11054,16384,0,0,0,3.395847076,3.534285,568.66796875
62028,3,reported,no_legal_moves,False,605908,21202,32768,1,0,0,93.159770317,93.495683,575.8359375
62029,1,reported,no_legal_moves,False,576788,20031,32768,1,0,0,0.35794211600000003,0.45054,567.59765625
62029,2,reported,no_legal_moves,False,565412,19534,32768,1,0,0,3.7359054269999996,3.876673,568.99609375
62029,selective,reported,no_legal_moves,False,581980,20278,32768,1,0,0,6.183782061,6.33128,567.52734375
62029,3,reported,no_legal_moves,False,385876,14819,16384,0,0,0,66.99823712800001,67.281948,574.23828125
62030,1,reported,no_legal_moves,False,330904,12405,16384,0,0,0,0.23971676000000003,0.340279,567.83984375
62030,2,reported,no_legal_moves,False,386836,14853,16384,0,0,0,2.8298781170000002,2.967898,566.84375
62030,selective,reported,no_legal_moves,False,387268,14894,16384,0,0,0,4.320490472,4.454536,567.82421875
62030,3,reported,no_legal_moves,False,377500,14370,16384,0,0,0,66.731805488,67.018821,576.54296875
62031,1,reported,no_legal_moves,False,579708,20190,32768,1,0,0,0.4194379570000001,0.5199,568.60546875
62031,2,reported,no_legal_moves,False,168468,6995,8192,0,0,0,1.7029220610000002,1.84822,565.48828125
62031,selective,reported,no_legal_moves,False,386232,14813,16384,0,0,0,4.717887963,4.862364,567.64453125
62031,3,reported,no_legal_moves,False,245060,9212,16384,0,0,0,47.46879915,47.704977,569.2265625
